Id,median_house_value
0,240097.88
1,291126.7
2,77766.82
3,182152.3
4,58766.844
5,205219.27
6,106194.79
7,89268.04
8,154633.77
9,96688.99
10,315111.47
11,233539.05
12,242038.17
13,219796.14
14,209760.34
15,271157.88
16,125426.18
17,178059.88
18,241948.69
19,433728.1
20,198711.98
21,250720.67
22,51672.07
23,427915.6
24,234331.08
25,85694.53
26,259769.83
27,149841.73
28,84612.125
29,109763.65
30,65794.87
31,306410.1
32,212505.67
33,161829.38
34,125963.42
35,97198.99
36,87568.15
37,149642.05
38,240374.89
39,159397.69
40,133528.73
41,174092.4
42,230625.28
43,224325.23
44,215109.34
45,201247.88
46,265856.12
47,267642.12
48,95485.88
49,105684.38
50,210760.52
51,499798.4
52,198269.94
53,330841.44
54,103071.87
55,307631.88
56,218909.88
57,176850.08
58,367131.25
59,184400.84
60,198903.05
61,201869.72
62,316846.78
63,286619.16
64,185476.0
65,416359.47
66,163045.6
67,109793.05
68,98516.914
69,143079.25
70,100071.0
71,230312.95
72,111048.74
73,230526.06
74,132018.42
75,247341.6
76,137086.17
77,134605.44
78,208022.92
79,159188.14
80,96196.48
81,93618.01
82,234960.17
83,107765.74
84,280238.38
85,105623.53
86,166717.95
87,294019.62
88,154158.45
89,100571.875
90,120753.11
91,182607.22
92,336136.84
93,141454.88
94,266622.3
95,331395.5
96,290069.47
97,471850.7
98,173695.73
99,274029.4
100,303097.0
101,64723.855
102,207374.34
103,340937.34
104,119123.984
105,187331.44
106,132059.31
107,123629.695
108,252992.61
109,70729.58
110,122834.055
111,180020.98
112,176055.69
113,137868.2
114,79933.11
115,281339.34
116,214712.58
117,249254.11
118,90622.92
119,244250.25
120,368249.3
121,164236.48
122,270941.8
123,125828.77
124,136038.8
125,291473.94
126,75784.05
127,118857.98
128,70733.695
129,141480.8
130,131117.1
131,373801.4
132,222835.34
133,297848.75
134,186386.0
135,190445.3
136,79521.71
137,122460.22
138,157202.5
139,135005.61
140,429248.62
141,111355.02
142,281233.66
143,311713.25
144,147448.48
145,177559.47
146,189820.83
147,241979.4
148,257168.55
149,354667.47
150,275063.84
151,191730.06
152,170448.28
153,163966.08
154,206061.05
155,55058.688
156,196197.66
157,346196.72
158,65606.16
159,81306.23
160,122450.07
161,172075.92
162,280031.62
163,135475.98
164,194858.06
165,212034.23
166,340688.3
167,191075.88
168,97500.98
169,53956.062
170,352932.97
171,241041.52
172,346013.88
173,263646.47
174,201516.5
175,295564.28
176,100378.27
177,255117.84
178,203683.3
179,270140.28
180,265721.34
181,428658.03
182,70707.64
183,228479.02
184,217905.61
185,141529.58
186,213561.52
187,227937.52
188,175877.33
189,160296.45
190,128817.73
191,136338.1
192,246869.27
193,175954.17
194,189661.78
195,140760.52
196,252818.88
197,233546.45
198,315709.4
199,229466.14
200,185836.38
201,238736.73
202,283397.12
203,196250.39
204,443743.44
205,214753.77
206,321501.97
207,101275.34
208,114465.38
209,317118.38
210,301847.6
211,551639.9
212,111680.77
213,106980.11
214,145702.53
215,117011.63
216,395141.62
217,239370.97
218,289419.34
219,212857.45
220,227716.06
221,377506.3
222,176548.03
223,282262.56
224,344947.8
225,232828.95
226,184474.5
227,131733.34
228,249674.23
229,383993.44
230,269163.53
231,139850.62
232,494846.56
233,173920.89
234,108368.17
235,297001.66
236,256922.25
237,104692.92
238,167722.4
239,113712.445
240,203317.28
241,487121.6
242,389659.22
243,161882.6
244,99947.99
245,196336.98
246,224525.78
247,307855.9
248,89061.05
249,152219.78
250,151968.4
251,236799.12
252,90514.36
253,246460.52
254,477966.66
255,490869.62
256,236958.69
257,72103.85
258,153176.73
259,212862.88
260,117341.1
261,317044.0
262,117673.39
263,85582.85
264,336086.22
265,266499.25
266,199250.1
267,239597.58
268,163631.06
269,241098.67
270,197923.92
271,183437.33
272,66441.484
273,284156.88
274,91194.62
275,294578.5
276,160090.56
277,134387.34
278,105589.92
279,229679.28
280,473323.8
281,374918.7
282,264761.75
283,187445.72
284,377677.66
285,139768.39
286,227496.56
287,159619.06
288,133973.83
289,175215.66
290,177128.33
291,193286.42
292,162505.45
293,171329.16
294,111801.305
295,159682.61
296,88856.766
297,105992.32
298,109582.05
299,217590.58
300,108603.125
301,295639.75
302,188027.69
303,206935.02
304,191137.97
305,230731.22
306,376738.3
307,464381.62
308,484377.5
309,219556.08
310,243296.61
311,496000.25
312,365044.16
313,132391.1
314,172867.7
315,244798.67
316,317568.03
317,214080.73
318,308544.3
319,238425.4
320,205343.73
321,114222.98
322,251592.48
323,181432.98
324,203821.05
325,191946.48
326,198463.08
327,177401.22
328,281471.47
329,225195.89
330,153528.5
331,161348.23
332,91129.836
333,263632.47
334,264717.97
335,90844.05
336,200249.86
337,503598.62
338,196718.88
339,84594.47
340,335954.47
341,276581.28
342,155642.05
343,140208.88
344,250870.67
345,186345.89
346,318456.03
347,131258.73
348,54700.63
349,158791.61
350,235622.98
351,191290.16
352,357713.62
353,300390.34
354,182774.67
355,396838.16
356,319185.94
357,440646.2
358,121636.56
359,201393.34
360,247096.69
361,147523.53
362,94706.65
363,75382.22
364,163171.05
365,309735.22
366,251445.89
367,130594.21
368,176258.83
369,118535.46
370,266512.25
371,108959.49
372,191514.12
373,90828.04
374,275233.2
375,171385.86
376,170504.03
377,260260.08
378,98255.8
379,233754.11
380,459234.2
381,211620.62
382,178559.95
383,120703.51
384,143302.36
385,189484.83
386,111992.45
387,156396.05
388,235317.39
389,217247.84
390,186147.3
391,54231.316
392,298859.62
393,453269.44
394,96478.72
395,113937.24
396,240841.92
397,79145.73
398,179287.27
399,229592.61
400,403327.88
401,138782.62
402,283453.9
403,127382.12
404,132689.39
405,335002.47
406,205209.56
407,218086.88
408,339133.03
409,172880.56
410,150423.81
411,233662.36
412,73224.95
413,239248.98
414,93005.78
415,421337.38
416,460777.5
417,62307.68
418,279086.9
419,277730.1
420,252869.77
421,263803.78
422,223302.97
423,169096.48
424,269268.5
425,143901.11
426,280907.53
427,203155.06
428,219458.64
429,137121.47
430,146900.5
431,91923.38
432,149038.92
433,284507.97
434,262131.97
435,60657.062
436,99569.46
437,261831.25
438,231798.62
439,121721.914
440,270236.2
441,204012.94
442,241865.95
443,422661.03
444,279947.2
445,124753.39
446,144870.69
447,278044.28
448,108966.76
449,199966.0
450,149023.19
451,158147.45
452,80887.66
453,157259.05
454,213641.95
455,261997.53
456,249768.55
457,190741.73
458,329071.12
459,111227.516
460,172216.14
461,79271.805
462,138085.52
463,240252.95
464,470539.03
465,157449.33
466,134332.1
467,239351.28
468,480619.66
469,272360.25
470,184982.81
471,137127.38
472,275976.03
473,253402.31
474,245033.48
475,127788.03
476,98989.02
477,363169.34
478,477846.7
479,204740.94
480,90101.01
481,161814.56
482,333652.9
483,200828.55
484,117943.13
485,222738.34
486,260787.92
487,229201.22
488,383664.38
489,139421.97
490,146298.33
491,242454.7
492,160080.6
493,147917.6
494,102300.41
495,208166.7
496,113186.46
497,209652.33
498,361939.2
499,316445.03
500,95600.875
501,368795.2
502,137058.3
503,333412.28
504,278068.75
505,86278.36
506,172787.45
507,135718.47
508,272651.72
509,483108.84
510,263861.25
511,173526.03
512,380400.28
513,102851.55
514,170487.58
515,172480.16
516,205465.7
517,312277.22
518,303266.97
519,187428.33
520,236643.86
521,154563.84
522,262954.94
523,193176.2
524,319364.06
525,179716.42
526,210891.33
527,369339.34
528,116244.18
529,173749.22
530,215219.88
531,271913.4
532,101781.945
533,125767.02
534,172219.28
535,158452.78
536,166671.61
537,433836.03
538,179655.58
539,123829.125
540,137551.73
541,392793.1
542,89587.48
543,257796.84
544,259176.25
545,138753.17
546,87461.87
547,148388.64
548,88859.875
549,153587.94
550,169351.73
551,125914.34
552,244300.36
553,203588.55
554,97913.52
555,232802.73
556,118351.086
557,308062.9
558,138732.2
559,159132.83
560,151663.84
561,177974.45
562,228454.53
563,209893.69
564,231371.12
565,296421.5
566,168277.17
567,266051.72
568,222255.28
569,186018.02
570,125570.266
571,122631.305
572,331116.97
573,109146.875
574,313211.16
575,193527.17
576,135873.83
577,218749.9
578,132019.84
579,186156.75
580,487534.7
581,238705.3
582,158348.31
583,150034.08
584,167322.45
585,206211.6
586,139075.19
587,237787.67
588,118346.69
589,341320.75
590,144763.67
591,186428.06
592,149993.67
593,189093.89
594,98624.4
595,70524.0
596,204247.16
597,260560.7
598,281233.8
599,160904.1
600,68174.43
601,181147.3
602,60256.348
603,285379.28
604,169181.5
605,80834.17
606,499320.7
607,133103.77
608,350422.88
609,166805.97
610,316530.62
611,149142.58
612,163140.72
613,299391.44
614,256839.17
615,276084.84
616,176523.83
617,399216.47
618,196624.67
619,246947.06
620,261202.58
621,171810.11
622,112372.94
623,398472.5
624,198855.22
625,134938.11
626,151972.61
627,169670.48
628,61842.55
629,180897.17
630,231033.23
631,76932.68
632,188495.45
633,169652.45
634,239256.28
635,280398.47
636,54473.145
637,248881.61
638,475314.0
639,137857.23
640,286987.03
641,303084.16
642,160576.17
643,173658.42
644,137767.36
645,188385.61
646,113584.93
647,139923.89
648,238618.36
649,265165.94
650,205723.11
651,195195.14
652,171415.78
653,208478.06
654,168812.14
655,129104.25
656,228981.31
657,163982.12
658,212494.81
659,214706.25
660,223992.72
661,89329.05
662,127511.04
663,209730.62
664,235907.19
665,122985.45
666,136401.42
667,156920.61
668,67439.234
669,281071.38
670,220244.38
671,213819.6
672,161585.52
673,55266.727
674,169341.7
675,138795.0
676,171636.77
677,209937.3
678,64035.234
679,210126.0
680,130705.97
681,265266.2
682,99651.0
683,118672.26
684,303321.75
685,200260.98
686,246821.72
687,227399.94
688,151737.75
689,152760.44
690,197331.52
691,86107.32
692,426810.62
693,362870.8
694,103749.805
695,79457.79
696,154052.66
697,172050.73
698,270360.5
699,207729.8
700,72633.305
701,298776.56
702,112285.15
703,206623.12
704,261823.53
705,258761.2
706,161383.97
707,310131.16
708,205703.11
709,498455.4
710,179471.64
711,313075.16
712,374904.72
713,263047.16
714,276355.1
715,251873.38
716,262574.12
717,221578.44
718,349435.1
719,259331.19
720,236206.56
721,81217.05
722,199873.7
723,202815.22
724,333808.97
725,169516.56
726,198786.11
727,143597.16
728,133077.0
729,251408.16
730,370812.03
731,313574.8
732,167741.58
733,122930.71
734,180146.3
735,141943.06
736,301491.8
737,235563.64
738,128050.11
739,256967.47
740,136831.23
741,332066.94
742,179079.14
743,240678.92
744,157790.66
745,314180.88
746,77763.414
747,81150.65
748,216957.89
749,436545.22
750,115803.07
751,318330.84
752,148297.5
753,117788.914
754,266792.62
755,122271.79
756,405108.25
757,107938.22
758,286986.2
759,232394.36
760,340004.2
761,383854.12
762,65580.664
763,145541.66
764,222591.52
765,100125.13
766,149958.28
767,123463.91
768,201379.88
769,349383.75
770,49793.68
771,166352.89
772,210130.44
773,48619.164
774,418757.44
775,199983.77
776,240658.94
777,191617.56
778,124235.02
779,207752.2
780,303509.28
781,184942.62
782,218269.44
783,214423.72
784,159783.23
785,343516.25
786,519340.25
787,136044.25
788,140504.7
789,272196.75
790,125163.28
791,313416.66
792,191048.25
793,242063.06
794,230706.94
795,112918.71
796,244988.02
797,121385.516
798,246087.72
799,210142.31
800,485040.84
801,286054.22
802,157125.02
803,136599.95
804,138057.1
805,71866.45
806,286691.28
807,379999.75
808,167947.52
809,173233.97
810,463492.53
811,259210.94
812,154011.06
813,247406.02
814,59403.457
815,49191.676
816,104960.26
817,135269.56
818,397322.53
819,101812.16
820,276456.9
821,160862.97
822,187441.94
823,339310.3
824,185534.25
825,261974.03
826,394142.9
827,118559.03
828,143736.75
829,170603.28
830,375724.03
831,244409.3
832,422872.3
833,218257.34
834,78011.14
835,157732.2
836,94925.016
837,134716.28
838,310855.62
839,271992.72
840,231500.67
841,214966.55
842,299265.25
843,212277.77
844,147033.52
845,230138.53
846,73942.06
847,188178.53
848,161487.8
849,81418.1
850,80443.86
851,154153.08
852,155380.84
853,248062.69
854,198340.81
855,298061.1
856,176433.27
857,262211.28
858,177066.92
859,348642.16
860,148870.19
861,193111.5
862,63452.293
863,217890.52
864,179561.69
865,170645.58
866,169225.88
867,217652.83
868,215280.5
869,227107.42
870,257251.7
871,130989.95
872,331399.25
873,82338.77
874,126778.805
875,146069.78
876,195130.4
877,126373.945
878,184488.33
879,441022.06
880,256865.17
881,156571.66
882,222037.55
883,188307.56
884,182629.66
885,76251.09
886,283171.5
887,224735.67
888,247239.97
889,86945.18
890,105061.28
891,148959.75
892,323514.44
893,269648.1
894,169472.25
895,149916.25
896,164691.95
897,112400.55
898,85397.4
899,411638.72
900,216796.28
901,353830.72
902,83356.414
903,231693.95
904,124136.83
905,181104.81
906,65976.04
907,143301.47
908,131200.52
909,207763.67
910,239349.14
911,264788.75
912,209396.88
913,254186.22
914,160123.72
915,197882.78
916,216189.22
917,235904.72
918,240196.94
919,151620.9
920,181082.2
921,95067.41
922,536535.0
923,235170.52
924,160332.88
925,232725.1
926,240909.17
927,104792.516
928,76386.67
929,70214.98
930,206631.62
931,365758.9
932,155046.84
933,462306.16
934,392188.53
935,141368.28
936,205367.11
937,105985.695
938,370433.75
939,303934.25
940,361240.72
941,69593.016
942,474372.4
943,195888.11
944,98566.76
945,506347.28
946,178835.42
947,144608.45
948,326132.47
949,181220.4
950,90322.5
951,123925.33
952,146318.97
953,88729.51
954,107730.36
955,261011.4
956,306196.34
957,198569.47
958,229925.61
959,99319.66
960,101487.55
961,157849.64
962,357237.94
963,93161.4
964,168111.06
965,271324.16
966,82028.33
967,297635.44
968,271235.7
969,201833.8
970,202419.39
971,267601.0
972,183443.62
973,165600.36
974,273851.4
975,317251.7
976,227552.62
977,223631.66
978,375019.3
979,139018.14
980,192074.08
981,302972.38
982,213631.52
983,319596.3
984,140523.14
985,145311.9
986,191416.89
987,148574.61
988,300122.84
989,143766.03
990,205985.94
991,136658.16
992,177558.53
993,153291.6
994,143377.69
995,123719.3
996,194155.88
997,175121.39
998,352100.12
999,94406.8
1000,174607.92
1001,139402.38
1002,126775.375
1003,259803.53
1004,167016.14
1005,280690.9
1006,139534.7
1007,150615.84
1008,225572.89
1009,190461.31
1010,213135.12
1011,424791.22
1012,133835.1
1013,368098.44
1014,124665.44
1015,130497.66
1016,251939.94
1017,102065.734
1018,217918.06
1019,287052.38
1020,148472.98
1021,480853.06
1022,500466.1
1023,273299.34
1024,190282.44
1025,108195.97
1026,151965.03
1027,168457.89
1028,127932.77
1029,73885.52
1030,173966.7
1031,379375.72
1032,102067.664
1033,66069.86
1034,235778.05
1035,55934.355
1036,218589.0
1037,226654.42
1038,408888.34
1039,327949.38
1040,151792.86
1041,163295.97
1042,111710.516
1043,260352.88
1044,150812.66
1045,230225.34
1046,147219.81
1047,108954.43
1048,167567.66
1049,170184.55
1050,166863.78
1051,454544.22
1052,180991.61
1053,221093.58
1054,170750.62
1055,175817.36
1056,221299.4
1057,161734.11
1058,213646.27
1059,90295.336
1060,103390.945
1061,275568.38
1062,112962.125
1063,288734.53
1064,234236.05
1065,75955.7
1066,197555.44
1067,232811.94
1068,93145.58
1069,185606.33
1070,208419.83
1071,151448.12
1072,239967.55
1073,92372.516
1074,239075.47
1075,92795.805
1076,159831.83
1077,189100.02
1078,131306.75
1079,126248.6
1080,370848.97
1081,135495.03
1082,107919.89
1083,313159.22
1084,161219.08
1085,176527.84
1086,208151.75
1087,304671.0
1088,298467.3
1089,386871.97
1090,165181.19
1091,163742.56
1092,191407.42
1093,523621.4
1094,215987.6
1095,303877.1
1096,88616.63
1097,250336.81
1098,356162.22
1099,214468.31
1100,77473.31
1101,231854.22
1102,190556.7
1103,283343.53
1104,194563.61
1105,217771.0
1106,178154.7
1107,297940.72
1108,289441.66
1109,74155.484
1110,216525.12
1111,207601.67
1112,212337.55
1113,204966.2
1114,246018.3
1115,152998.56
1116,138170.1
1117,218310.23
1118,141835.7
1119,261639.38
1120,203610.05
1121,272840.2
1122,126650.984
1123,110546.56
1124,291286.06
1125,96511.75
1126,148314.25
1127,256889.11
1128,312871.97
1129,76779.61
1130,153987.92
1131,481762.34
1132,73176.945
1133,319580.03
1134,325473.78
1135,290245.9
1136,128857.586
1137,175661.2
1138,504632.97
1139,133029.98
1140,171974.75
1141,233576.61
1142,228185.03
1143,99061.37
1144,180338.28
1145,83902.13
1146,191395.02
1147,192076.38
1148,70809.664
1149,83195.945
1150,167666.95
1151,147701.5
1152,89068.625
1153,250848.88
1154,174378.05
1155,458798.28
1156,54096.516
1157,175049.05
1158,272998.22
1159,194234.44
1160,71755.69
1161,113133.19
1162,217474.25
1163,68531.89
1164,234843.25
1165,202305.98
1166,237424.14
1167,167853.27
1168,180273.11
1169,181912.52
1170,200953.7
1171,67855.36
1172,173014.22
1173,275429.16
1174,244349.52
1175,401236.66
1176,110288.39
1177,212482.14
1178,168881.1
1179,293878.2
1180,346947.1
1181,296970.7
1182,129491.99
1183,191697.7
1184,181052.31
1185,178821.78
1186,201159.61
1187,320839.78
1188,100427.6
1189,217703.39
1190,362047.88
1191,213278.27
1192,200510.3
1193,174844.7
1194,57893.906
1195,80212.766
1196,240702.28
1197,155117.53
1198,172370.78
1199,305249.62
1200,109838.95
1201,206554.5
1202,227496.4
1203,255157.12
1204,92345.52
1205,205497.39
1206,196363.55
1207,97266.87
1208,100684.46
1209,92535.75
1210,221407.56
1211,118702.74
1212,483872.34
1213,151611.7
1214,152927.14
1215,443729.28
1216,297739.22
1217,210817.83
1218,214248.28
1219,219022.11
1220,111440.59
1221,284502.12
1222,208644.8
1223,254685.88
1224,194321.36
1225,232123.83
1226,165276.39
1227,101450.72
1228,491584.3
1229,272490.94
1230,162253.75
1231,117316.38
1232,331399.72
1233,164817.67
1234,368725.53
1235,75606.87
1236,85072.5
1237,164212.14
1238,111693.16
1239,273516.88
1240,347103.97
1241,129763.76
1242,190626.3
1243,193779.78
1244,180489.2
1245,147568.78
1246,225275.36
1247,364975.4
1248,208519.94
1249,335582.44
1250,102878.03
1251,379124.44
1252,241604.44
1253,171560.1
1254,138612.67
1255,487537.22
1256,100148.016
1257,102244.555
1258,243433.0
1259,364881.47
1260,167694.25
1261,141669.9
1262,306536.94
1263,230893.69
1264,119917.84
1265,226664.33
1266,289076.62
1267,185661.89
1268,324477.06
1269,277797.5
1270,215327.98
1271,195981.7
1272,147113.72
1273,437193.4
1274,316723.4
1275,330611.38
1276,301766.44
1277,122211.74
1278,276917.8
1279,190769.42
1280,119060.5
1281,90957.86
1282,135107.31
1283,144461.67
1284,118054.75
1285,288056.16
1286,179356.23
1287,140075.16
1288,66697.08
1289,199205.84
1290,121235.66
1291,120826.81
1292,253868.8
1293,169715.25
1294,199617.23
1295,94163.086
1296,169215.88
1297,145651.1
1298,390350.4
1299,150790.25
1300,300940.66
1301,135985.81
1302,151658.48
1303,263037.34
1304,210893.23
1305,449167.28
1306,96761.24
1307,89931.55
1308,184728.31
1309,133124.03
1310,167970.6
1311,386923.62
1312,148810.52
1313,93178.53
1314,238424.12
1315,282367.75
1316,327003.1
1317,167509.62
1318,145359.94
1319,230637.78
1320,472250.06
1321,481363.28
1322,131074.42
1323,179763.97
1324,61182.094
1325,290846.28
1326,269067.47
1327,159751.11
1328,152146.56
1329,79116.33
1330,236905.25
1331,297662.38
1332,357470.97
1333,127413.37
1334,246582.12
1335,61149.598
1336,228992.23
1337,165237.89
1338,147626.22
1339,207611.0
1340,249094.2
1341,142462.67
1342,165688.98
1343,163740.84
1344,92395.45
1345,123764.625
1346,343935.28
1347,324428.12
1348,257535.9
1349,257814.67
1350,421746.44
1351,340073.72
1352,369391.9
1353,160439.0
1354,251042.89
1355,183184.25
1356,134299.7
1357,187201.19
1358,76988.76
1359,322005.84
1360,189901.73
1361,90564.31
1362,90802.53
1363,82621.19
1364,446942.5
1365,154871.44
1366,101793.04
1367,277664.56
1368,208488.05
1369,69175.6
1370,106135.445
1371,63340.707
1372,169901.36
1373,422176.78
1374,251612.72
1375,152327.75
1376,324391.66
1377,173831.12
1378,228363.8
1379,273143.25
1380,458760.56
1381,222642.3
1382,149152.08
1383,214043.75
1384,152092.62
1385,398131.84
1386,102530.82
1387,152995.53
1388,326500.9
1389,175232.66
1390,332964.78
1391,94925.305
1392,131651.66
1393,112583.15
1394,93755.38
1395,128515.016
1396,122202.36
1397,290341.75
1398,272869.3
1399,81447.87
1400,190098.64
1401,325052.72
1402,380157.38
1403,211897.34
1404,105614.09
1405,143702.78
1406,116413.8
1407,106895.42
1408,148689.66
1409,173173.19
1410,328190.3
1411,181762.83
1412,82602.61
1413,293592.1
1414,108370.38
1415,56462.28
1416,119652.77
1417,264685.7
1418,162673.5
1419,118219.05
1420,181306.77
1421,182671.06
1422,164881.14
1423,405787.97
1424,317856.44
1425,148152.36
1426,204571.12
1427,272563.5
1428,213152.84
1429,271542.38
1430,185315.97
1431,145275.25
1432,237747.28
1433,87621.93
1434,329827.88
1435,129138.87
1436,53713.2
1437,426253.78
1438,180616.56
1439,117662.56
1440,111128.81
1441,269112.62
1442,101172.86
1443,214717.75
1444,209653.28
1445,215218.67
1446,192792.27
1447,351671.53
1448,82520.0
1449,148098.53
1450,101210.02
1451,483693.2
1452,391445.4
1453,85907.96
1454,122470.664
1455,236811.81
1456,250790.42
1457,110155.71
1458,167802.95
1459,173747.89
1460,168617.17
1461,279652.8
1462,173569.67
1463,182354.67
1464,180112.3
1465,184931.03
1466,226585.17
1467,172662.23
1468,353932.7
1469,99406.05
1470,208246.58
1471,240676.05
1472,142060.61
1473,121922.82
1474,222372.31
1475,282562.34
1476,154346.53
1477,162885.25
1478,114499.984
1479,125859.35
1480,487161.47
1481,270569.72
1482,196068.98
1483,178800.89
1484,241348.86
1485,261442.08
1486,126544.47
1487,492874.06
1488,289020.06
1489,269928.06
1490,164866.89
1491,164707.62
1492,70891.17
1493,265865.34
1494,123914.15
1495,391721.4
1496,156539.95
1497,415117.78
1498,183165.44
1499,272015.4
1500,157094.16
1501,75540.82
1502,192814.45
1503,256117.66
1504,174708.22
1505,124022.28
1506,91090.47
1507,365070.78
1508,293248.34
1509,152228.89
1510,239439.84
1511,199941.39
1512,131525.84
1513,50640.875
1514,309927.4
1515,129318.43
1516,156927.94
1517,130387.26
1518,60407.7
1519,115439.195
1520,154540.47
1521,298213.2
1522,323072.75
1523,71816.836
1524,157436.06
1525,214250.47
1526,132914.06
1527,463103.8
1528,90432.07
1529,204276.38
1530,63047.08
1531,166821.5
1532,326042.25
1533,256816.52
1534,114254.266
1535,317677.28
1536,88837.94
1537,191765.97
1538,548184.56
1539,245174.6
1540,170278.75
1541,125564.41
1542,81361.2
1543,165400.9
1544,341188.72
1545,81848.97
1546,219852.4
1547,115418.05
1548,172462.47
1549,67644.86
1550,204691.89
1551,514449.12
1552,144462.1
1553,245626.2
1554,97368.086
1555,226423.62
1556,354129.12
1557,291018.75
1558,197172.98
1559,82801.81
1560,82500.83
1561,189701.73
1562,270470.12
1563,190680.36
1564,186332.97
1565,137625.75
1566,270082.62
1567,263996.9
1568,416406.6
1569,213629.64
1570,217432.94
1571,202451.11
1572,164218.42
1573,358634.53
1574,222710.66
1575,126329.62
1576,126860.34
1577,111991.57
1578,109295.55
1579,233253.84
1580,247350.12
1581,197620.6
1582,171150.89
1583,442869.06
1584,220106.05
1585,85721.61
1586,247541.56
1587,298558.56
1588,145087.44
1589,484780.03
1590,338744.06
1591,252820.66
1592,199831.62
1593,119391.02
1594,320668.25
1595,371133.84
1596,223051.62
1597,151831.42
1598,141949.0
1599,175260.19
1600,160041.33
1601,224833.22
1602,82136.734
1603,178759.45
1604,134960.08
1605,284128.44
1606,71629.7
1607,90193.77
1608,75764.4
1609,103761.11
1610,175414.75
1611,245072.19
1612,287247.72
1613,118556.49
1614,306469.1
1615,179220.06
1616,300817.88
1617,83520.67
1618,160636.48
1619,190554.0
1620,227280.27
1621,271532.1
1622,420290.22
1623,110256.16
1624,92761.414
1625,127749.8
1626,488292.0
1627,442352.2
1628,205397.62
1629,82061.516
1630,477870.88
1631,98411.35
1632,271314.53
1633,66338.75
1634,64535.133
1635,273292.78
1636,257420.86
1637,129176.88
1638,111991.09
1639,334695.28
1640,134024.98
1641,72203.5
1642,45841.703
1643,426955.0
1644,292429.94
1645,316889.4
1646,341491.7
1647,464840.5
1648,89256.36
1649,142574.36
1650,293821.75
1651,356655.94
1652,162225.64
1653,291717.66
1654,178886.31
1655,302398.6
1656,200540.34
1657,188669.12
1658,52268.395
1659,138415.53
1660,173074.78
1661,153616.61
1662,197584.5
1663,304461.72
1664,283670.56
1665,233408.31
1666,194123.06
1667,381100.1
1668,152499.58
1669,154935.12
1670,266157.53
1671,68037.4
1672,265069.2
1673,176731.92
1674,121759.66
1675,84778.375
1676,173424.05
1677,202611.48
1678,326949.66
1679,267062.25
1680,96988.06
1681,214756.6
1682,169452.83
1683,317141.97
1684,242869.89
1685,277165.06
1686,84102.88
1687,295835.44
1688,328121.75
1689,311066.12
1690,118879.38
1691,134051.64
1692,253233.9
1693,250567.11
1694,144316.16
1695,248273.89
1696,219434.03
1697,190182.84
1698,100835.49
1699,88421.414
1700,146908.58
1701,110509.74
1702,170787.78
1703,253228.45
1704,133047.84
1705,174290.28
1706,232549.66
1707,119430.11
1708,91852.77
1709,272662.94
1710,137026.03
1711,173616.97
1712,129029.26
1713,198236.2
1714,353554.88
1715,271719.16
1716,184187.5
1717,157944.52
1718,61716.83
1719,257936.12
1720,253574.69
1721,112906.73
1722,355835.16
1723,149887.88
1724,313733.94
1725,274445.5
1726,79408.53
1727,76721.945
1728,94432.36
1729,190190.77
1730,177817.2
1731,168480.78
1732,263152.1
1733,411282.5
1734,163403.7
1735,175699.61
1736,71502.25
1737,147187.53
1738,170122.44
1739,268716.47
1740,255170.89
1741,215116.03
1742,187379.02
1743,181567.2
1744,191672.28
1745,208004.23
1746,136814.19
1747,158156.84
1748,330927.56
1749,278116.72
1750,169868.97
1751,91184.984
1752,538927.6
1753,128216.13
1754,208148.7
1755,214803.86
1756,111208.3
1757,176330.9
1758,154586.84
1759,255598.36
1760,199812.06
1761,285458.03
1762,248987.22
1763,294790.9
1764,235891.42
1765,93973.14
1766,170372.25
1767,74187.836
1768,381555.53
1769,338233.56
1770,110072.87
1771,382202.16
1772,66308.66
1773,240582.02
1774,243100.67
1775,148753.16
1776,171777.27
1777,219255.94
1778,267398.78
1779,194114.3
1780,108627.44
1781,301585.78
1782,171938.22
1783,119174.125
1784,320717.7
1785,102166.4
1786,209686.69
1787,155020.14
1788,173225.4
1789,278993.12
1790,146439.78
1791,197920.52
1792,146235.72
1793,230536.92
1794,51965.723
1795,308202.06
1796,152080.42
1797,168417.69
1798,181335.02
1799,348639.84
1800,485258.03
1801,230086.81
1802,336237.8
1803,344552.62
1804,158763.1
1805,70316.61
1806,205953.14
1807,99052.54
1808,238424.12
1809,197378.9
1810,224398.42
1811,173933.0
1812,145884.22
1813,142969.17
1814,297120.78
1815,112494.516
1816,184479.12
1817,195460.75
1818,106717.02
1819,174281.2
1820,197553.66
1821,228078.05
1822,237244.45
1823,199320.97
1824,175858.97
1825,111485.3
1826,97095.79
1827,140370.88
1828,151868.12
1829,187292.19
1830,143132.38
1831,139153.97
1832,252528.9
1833,169030.69
1834,305648.06
1835,106223.98
1836,162298.62
1837,129586.55
1838,51663.258
1839,91114.73
1840,223641.72
1841,134134.17
1842,226537.2
1843,78316.05
1844,62005.133
1845,150423.64
1846,117919.79
1847,125787.0
1848,87636.086
1849,65426.05
1850,296067.84
1851,162862.1
1852,171284.42
1853,213236.33
1854,279984.6
1855,150380.4
1856,189793.03
1857,95659.62
1858,157251.48
1859,379250.38
1860,223277.31
1861,283912.38
1862,311875.97
1863,273744.8
1864,83468.93
1865,222793.22
1866,108666.85
1867,109747.13
1868,215934.78
1869,387500.16
1870,373257.1
1871,177176.73
1872,70365.0
1873,259199.84
1874,203298.11
1875,143752.92
1876,115336.016
1877,61150.613
1878,134169.89
1879,397475.12
1880,114496.914
1881,49045.016
1882,159982.61
1883,314237.78
1884,98087.68
1885,89872.25
1886,232452.66
1887,96956.84
1888,390820.25
1889,167752.5
1890,301788.1
1891,89160.29
1892,188202.08
1893,412308.84
1894,226464.11
1895,58886.656
1896,207774.36
1897,424409.8
1898,144470.94
1899,159445.98
1900,61012.6
1901,221508.98
1902,278909.62
1903,297679.97
1904,417971.8
1905,82029.23
1906,133674.88
1907,266115.8
1908,98144.28
1909,115440.305
1910,381540.94
1911,243539.8
1912,438357.5
1913,358301.4
1914,370026.6
1915,337925.1
1916,187703.53
1917,277046.4
1918,259195.73
1919,263153.0
1920,371029.62
1921,139688.88
1922,194433.08
1923,479504.7
1924,114375.23
1925,326889.38
1926,224425.86
1927,265567.97
1928,160882.28
1929,180162.86
1930,183588.7
1931,133987.69
1932,216046.1
1933,286805.97
1934,183057.27
1935,269408.06
1936,182846.78
1937,437557.44
1938,136146.38
1939,224034.56
1940,120925.86
1941,54252.344
1942,148458.5
1943,72391.94
1944,124076.54
1945,250445.81
1946,268136.47
1947,371472.56
1948,124954.36
1949,161522.5
1950,286903.5
1951,156600.78
1952,113255.53
1953,367831.44
1954,131373.22
1955,180550.44
1956,140183.92
1957,108733.08
1958,189199.11
1959,281135.3
1960,233425.34
1961,177091.77
1962,155876.08
1963,395383.25
1964,401157.06
1965,113861.23
1966,410045.62
1967,182621.16
1968,214892.75
1969,162800.73
1970,202369.27
1971,280826.78
1972,172392.27
1973,86599.02
1974,165754.88
1975,107418.59
1976,161079.55
1977,276316.12
1978,228603.94
1979,137458.69
1980,108880.625
1981,417161.12
1982,69588.48
1983,239958.69
1984,351891.25
1985,252619.56
1986,123881.54
1987,274805.53
1988,518329.2
1989,273186.94
1990,285936.06
1991,380291.75
1992,126672.305
1993,175361.34
1994,95547.78
1995,254768.4
1996,260175.3
1997,106714.164
1998,277583.1
1999,191013.23
2000,106335.445
2001,273198.7
2002,186099.02
2003,348057.84
2004,289215.7
2005,141408.5
2006,132899.56
2007,145683.67
2008,210172.89
2009,61657.68
2010,92583.01
2011,275348.1
2012,188083.22
2013,250810.62
2014,135507.92
2015,188264.77
2016,491304.2
2017,83427.516
2018,224996.75
2019,331826.62
2020,111646.516
2021,333525.12
2022,328718.3
2023,189542.58
2024,254805.69
2025,319640.03
2026,188901.05
2027,443116.97
2028,164496.25
2029,191897.38
2030,213461.14
2031,118772.94
2032,120382.586
2033,183885.08
2034,183988.62
2035,184965.44
2036,153303.52
2037,464254.53
2038,190790.05
2039,499836.1
2040,500968.44
2041,118956.76
2042,172613.44
2043,87864.97
2044,147019.08
2045,102639.52
2046,134117.14
2047,108581.695
2048,205824.19
2049,188732.84
2050,342873.2
2051,241293.9
2052,294075.16
2053,458282.2
2054,156539.66
2055,146568.97
2056,97803.195
2057,121652.36
2058,95600.66
2059,114277.33
2060,159654.4
2061,109792.32
2062,159543.17
2063,295632.12
2064,197863.39
2065,83203.59
2066,169209.62
2067,202135.9
2068,232038.2
2069,101839.98
2070,269891.8
2071,104891.41
2072,98117.88
2073,230560.0
2074,163945.02
2075,365119.47
2076,314527.2
2077,140238.47
2078,312080.28
2079,210718.03
2080,351331.25
2081,200076.06
2082,202636.55
2083,167195.16
2084,403902.34
2085,178425.64
2086,176741.28
2087,200321.89
2088,161067.61
2089,171338.9
2090,143514.25
2091,122398.11
2092,255733.22
2093,299509.03
2094,167814.02
2095,201716.17
2096,353493.94
2097,68596.24
2098,116771.01
2099,201234.48
2100,393386.0
2101,272634.94
2102,246899.22
2103,127358.93
2104,116978.555
2105,172246.4
2106,151652.47
2107,139131.56
2108,189585.36
2109,135176.4
2110,152327.22
2111,153068.84
2112,174908.05
2113,69322.086
2114,480594.2
2115,117753.16
2116,99386.27
2117,164950.12
2118,72621.61
2119,186526.42
2120,115641.21
2121,360948.06
2122,87826.414
2123,333724.78
2124,55821.652
2125,250349.38
2126,158270.86
2127,182437.14
2128,169866.3
2129,115402.71
2130,147053.31
2131,176614.64
2132,335367.1
2133,303835.84
2134,92340.07
2135,129482.914
2136,205672.34
2137,283098.16
2138,264488.38
2139,346193.03
2140,173619.53
2141,73476.19
2142,260379.0
2143,308659.88
2144,142480.28
2145,149052.0
2146,150869.69
2147,283304.1
2148,129714.914
2149,143144.92
2150,347445.47
2151,278031.7
2152,521275.25
2153,236188.69
2154,152008.19
2155,162984.84
2156,105148.375
2157,419636.28
2158,188130.77
2159,94320.89
2160,63852.17
2161,203842.25
2162,203844.92
2163,221356.66
2164,417163.38
2165,124904.055
2166,112305.14
2167,164371.69
2168,199084.8
2169,84705.414
2170,357650.3
2171,134034.12
2172,147228.12
2173,177896.27
2174,242190.9
2175,252261.83
2176,87265.56
2177,435036.72
2178,170410.6
2179,201661.1
2180,139637.52
2181,92243.2
2182,540908.4
2183,209496.92
2184,338330.0
2185,256784.23
2186,336107.16
2187,100446.15
2188,212848.44
2189,177862.45
2190,116477.35
2191,122160.06
2192,317566.06
2193,244593.44
2194,189848.48
2195,221908.2
2196,218489.17
2197,191474.73
2198,201375.08
2199,305693.88
2200,142191.86
2201,121152.84
2202,285993.72
2203,148686.88
2204,170235.42
2205,210652.42
2206,319827.22
2207,191578.1
2208,207842.62
2209,482919.47
2210,227943.72
2211,263156.4
2212,354623.94
2213,136363.2
2214,158466.39
2215,76216.12
2216,152967.69
2217,496446.12
2218,154063.61
2219,494040.1
2220,143759.47
2221,510543.5
2222,128737.734
2223,253985.67
2224,262520.9
2225,152149.34
2226,174253.4
2227,150757.56
2228,113740.445
2229,193511.81
2230,146443.2
2231,114135.555
2232,61476.508
2233,248646.38
2234,163344.47
2235,263572.0
2236,102014.85
2237,89720.695
2238,238347.08
2239,240637.83
2240,138548.56
2241,337381.7
2242,120598.71
2243,189817.11
2244,177392.48
2245,201228.72
2246,469395.66
2247,318884.7
2248,151257.27
2249,216481.6
2250,247942.42
2251,158681.98
2252,333129.72
2253,180790.73
2254,221952.55
2255,385038.56
2256,209103.2
2257,194594.89
2258,183342.98
2259,419542.1
2260,137039.66
2261,171154.27
2262,397651.12
2263,116043.92
2264,116481.54
2265,125710.78
2266,463567.5
2267,150102.9
2268,73173.48
2269,168569.17
2270,160075.06
2271,160793.47
2272,153387.03
2273,108813.38
2274,153142.27
2275,116005.9
2276,494132.25
2277,138358.53
2278,144000.95
2279,248265.73
2280,135469.67
2281,130323.305
2282,170420.06
2283,214247.61
2284,143092.34
2285,146582.69
2286,231183.02
2287,106711.35
2288,116556.15
2289,211019.88
2290,300810.44
2291,220290.12
2292,68389.31
2293,201980.53
2294,380925.12
2295,202121.2
2296,85125.08
2297,345095.72
2298,308823.25
2299,279657.56
2300,130216.805
2301,169314.56
2302,202733.3
2303,125105.24
2304,169552.53
2305,171499.89
2306,245809.22
2307,170359.56
2308,263920.6
2309,161845.38
2310,239171.88
2311,166118.08
2312,297019.8
2313,193570.84
2314,294052.22
2315,134980.12
2316,463289.2
2317,176956.84
2318,52628.004
2319,100634.64
2320,136726.03
2321,169009.38
2322,334932.0
2323,114606.11
2324,143516.16
2325,297425.84
2326,200153.95
2327,71370.98
2328,355785.84
2329,113639.266
2330,122272.68
2331,353187.2
2332,59310.805
2333,197559.73
2334,139534.5
2335,136130.6
2336,402313.3
2337,224732.83
2338,57127.0
2339,69119.45
2340,247760.05
2341,192368.52
2342,327036.34
2343,237808.34
2344,158995.6
2345,149096.62
2346,383611.97
2347,194500.4
2348,170922.67
2349,98165.41
2350,74935.77
2351,148375.56
2352,105814.81
2353,282972.75
2354,148014.47
2355,233004.39
2356,176164.64
2357,71814.9
2358,144380.3
2359,435494.38
2360,138273.31
2361,85088.125
2362,261952.25
2363,76325.57
2364,188862.58
2365,182941.92
2366,313451.06
2367,487815.5
2368,204141.56
2369,145422.36
2370,237497.31
2371,203215.16
2372,153118.78
2373,151510.66
2374,210399.06
2375,77752.75
2376,211822.9
2377,204108.56
2378,87820.195
2379,495941.22
2380,238094.38
2381,115089.23
2382,120938.82
2383,110711.19
2384,100305.336
2385,129129.71
2386,243544.44
2387,228443.55
2388,160350.36
2389,255192.88
2390,101304.69
2391,128512.984
2392,135063.14
2393,419829.56
2394,220344.0
2395,218732.92
2396,143472.1
2397,237275.0
2398,128376.54
2399,367587.72
2400,318935.28
2401,195882.55
2402,216983.42
2403,319658.7
2404,320554.75
2405,163304.4
2406,86725.12
2407,87210.56
2408,80161.82
2409,150174.9
2410,140061.44
2411,146918.1
2412,124771.6
2413,182099.94
2414,250254.36
2415,212168.39
2416,92741.06
2417,68667.305
2418,145988.94
2419,237161.45
2420,325461.97
2421,275727.56
2422,260548.7
2423,218019.88
2424,333714.44
2425,216812.66
2426,455714.0
2427,281630.94
2428,514664.66
2429,193310.77
2430,203663.55
2431,177078.16
2432,188434.55
2433,82635.4
2434,376434.72
2435,156197.7
2436,84755.16
2437,143356.44
2438,202384.7
2439,244099.0
2440,145403.98
2441,374011.88
2442,244898.28
2443,128077.37
2444,197271.31
2445,289275.4
2446,246756.86
2447,266884.66
2448,72818.305
2449,88583.55
2450,78575.52
2451,149218.14
2452,99463.4
2453,226296.11
2454,121494.4
2455,75653.69
2456,145433.7
2457,212217.73
2458,85398.76
2459,498585.2
2460,145864.06
2461,165409.08
2462,144035.39
2463,269784.3
2464,163907.1
2465,204312.44
2466,181093.33
2467,490551.25
2468,252895.42
2469,165774.17
2470,481523.75
2471,207984.45
2472,130702.82
2473,133363.0
2474,140847.52
2475,108114.31
2476,186873.3
2477,237246.4
2478,432004.72
2479,242532.16
2480,127082.44
2481,136526.66
2482,132155.83
2483,94168.484
2484,99760.3
2485,154480.5
2486,229329.88
2487,77630.555
2488,85003.23
2489,146839.72
2490,160808.55
2491,103712.19
2492,67465.86
2493,239172.08
2494,73250.73
2495,167619.52
2496,430347.72
2497,316849.2
2498,122119.01
2499,199135.64
2500,119487.89
2501,210604.97
2502,300388.25
2503,357054.88
2504,180852.38
2505,259977.73
2506,205588.61
2507,142090.67
2508,438949.56
2509,421642.8
2510,133543.36
2511,251378.03
2512,179957.77
2513,159854.05
2514,150774.38
2515,199983.19
2516,168407.88
2517,203785.81
2518,229941.28
2519,409714.03
2520,395403.28
2521,193583.6
2522,175742.78
2523,355758.84
2524,236661.72
2525,199107.17
2526,310462.06
2527,228737.73
2528,269221.16
2529,285844.47
2530,262263.84
2531,195177.86
2532,175930.8
2533,59407.4
2534,158577.4
2535,252091.25
2536,147847.2
2537,92380.36
2538,65630.74
2539,247715.03
2540,197680.72
2541,124696.92
2542,97653.18
2543,151568.06
2544,190590.12
2545,73234.71
2546,311587.97
2547,337883.84
2548,126856.53
2549,175694.53
2550,84464.625
2551,488676.84
2552,94665.32
2553,98963.016
2554,94257.85
2555,334304.0
2556,192842.47
2557,200213.8
2558,174801.78
2559,157580.05
2560,254129.52
2561,212718.61
2562,113255.72
2563,275823.4
2564,310807.9
2565,462345.78
2566,372062.34
2567,122747.39
2568,221228.44
2569,347209.97
2570,49991.54
2571,185817.61
2572,280877.56
2573,225283.2
2574,351215.47
2575,228592.02
2576,233436.84
2577,214696.78
2578,151903.19
2579,55087.15
2580,77994.97
2581,248025.31
2582,165763.28
2583,482747.34
2584,466946.97
2585,106791.75
2586,83894.91
2587,362411.34
2588,159461.6
2589,177099.81
2590,77997.4
2591,231140.16
2592,212051.58
2593,297477.06
2594,62594.67
2595,515443.2
2596,303668.12
2597,226530.73
2598,86660.39
2599,178125.38
2600,232640.5
2601,148882.19
2602,92893.02
2603,220841.16
2604,181565.33
2605,454986.62
2606,519829.72
2607,229966.08
2608,304822.72
2609,105771.836
2610,216581.08
2611,157560.28
2612,169502.6
2613,97297.06
2614,278172.2
2615,122527.06
2616,98779.39
2617,175615.77
2618,435158.5
2619,77712.43
2620,102293.836
2621,54319.312
2622,217016.62
2623,149755.23
2624,304605.47
2625,140416.42
2626,159791.72
2627,159433.44
2628,194393.05
2629,122246.02
2630,133429.62
2631,136804.16
2632,422673.9
2633,135731.33
2634,288506.06
2635,94010.68
2636,84316.26
2637,357413.16
2638,85139.94
2639,212663.6
2640,441859.25
2641,69838.44
2642,203267.45
2643,89197.93
2644,411834.56
2645,153336.95
2646,130089.42
2647,54829.895
2648,144768.45
2649,308763.3
2650,305331.88
2651,280313.53
2652,79934.266
2653,129271.484
2654,146771.2
2655,80563.4
2656,200573.38
2657,189881.33
2658,156361.42
2659,93529.12
2660,166223.72
2661,107231.35
2662,151563.88
2663,66055.95
2664,191103.88
2665,460029.06
2666,61400.586
2667,317023.16
2668,190092.36
2669,208763.17
2670,183298.33
2671,100566.67
2672,209597.0
2673,368598.53
2674,176386.97
2675,173269.11
2676,187344.12
2677,175017.08
2678,372778.66
2679,341038.3
2680,369456.06
2681,83472.59
2682,250467.61
2683,55428.777
2684,140812.3
2685,317578.72
2686,100378.96
2687,67710.82
2688,185904.9
2689,157198.88
2690,179136.67
2691,236051.19
2692,329794.3
2693,122663.7
2694,147284.45
2695,202250.12
2696,234452.38
2697,231512.02
2698,222527.22
2699,346767.75
2700,305986.2
2701,201331.62
2702,71715.26
2703,141565.28
2704,202037.28
2705,140173.4
2706,260991.98
2707,234529.0
2708,162991.02
2709,84363.19
2710,278652.16
2711,306203.53
2712,182799.45
2713,99306.03
2714,257079.78
2715,186518.77
2716,434526.1
2717,286383.8
2718,511162.44
2719,117887.125
2720,226231.12
2721,179718.64
2722,161683.88
2723,231134.77
2724,276101.9
2725,132224.94
2726,344014.44
2727,154958.14
2728,238438.31
2729,58264.86
2730,437860.62
2731,60033.594
2732,190643.7
2733,119960.77
2734,286183.8
2735,179399.86
2736,122663.81
2737,267703.7
2738,189875.72
2739,158924.8
2740,146887.19
2741,153523.5
2742,74235.695
2743,99985.92
2744,150340.4
2745,178368.64
2746,85644.586
2747,189607.61
2748,165050.05
2749,173796.44
2750,155008.47
2751,429578.9
2752,248104.28
2753,335905.56
2754,155787.31
2755,200638.95
2756,597032.25
2757,89267.164
2758,307561.22
2759,196848.8
2760,225789.58
2761,201180.45
2762,141298.95
2763,405766.1
2764,360517.75
2765,222697.02
2766,250182.44
2767,361906.4
2768,83843.47
2769,162048.81
2770,246434.84
2771,133663.11
2772,170965.38
2773,81503.9
2774,453022.97
2775,275015.28
2776,126861.31
2777,160933.97
2778,146163.39
2779,311719.22
2780,170836.33
2781,113512.836
2782,404317.56
2783,103599.27
2784,264424.47
2785,109260.46
2786,255490.62
2787,174185.62
2788,211214.12
2789,306721.84
2790,341436.9
2791,76957.89
2792,164322.81
2793,102458.66
2794,185645.52
2795,485841.6
2796,315439.1
2797,168870.0
2798,121272.234
2799,101153.61
2800,129774.38
2801,142003.92
2802,92619.14
2803,235050.11
2804,137839.31
2805,219188.78
2806,151435.12
2807,310812.62
2808,634841.9
2809,81637.31
2810,170706.33
2811,185549.69
2812,75477.89
2813,67821.914
2814,206221.48
2815,336456.66
2816,287269.7
2817,123434.02
2818,333610.88
2819,274488.8
2820,271577.8
2821,319338.2
2822,214699.33
2823,96095.21
2824,270803.56
2825,273422.56
2826,227788.8
2827,333511.7
2828,179301.69
2829,212393.19
2830,177968.88
2831,456422.94
2832,175215.73
2833,218557.73
2834,229526.33
2835,249622.05
2836,390547.2
2837,68018.68
2838,325459.5
2839,108070.12
2840,90850.06
2841,84832.07
2842,157763.67
2843,228980.77
2844,82602.87
2845,67457.25
2846,198712.3
2847,143940.36
2848,172116.03
2849,302083.88
2850,212663.5
2851,244463.47
2852,134230.4
2853,245787.61
2854,218847.81
2855,101979.93
2856,98172.95
2857,144494.72
2858,273227.4
2859,62626.3
2860,210341.64
2861,516897.56
2862,228081.2
2863,132069.5
2864,84074.086
2865,403378.56
2866,138802.45
2867,226167.52
2868,137013.56
2869,245282.25
2870,214883.88
2871,236488.7
2872,193355.23
2873,338727.3
2874,175684.72
2875,171451.28
2876,126867.79
2877,75498.15
2878,247787.98
2879,391650.8
2880,475905.47
2881,279718.38
2882,471946.6
2883,297343.16
2884,171406.45
2885,145880.36
2886,277099.75
2887,109173.6
2888,194270.72
2889,305068.0
2890,413117.47
2891,141725.27
2892,182495.25
2893,162208.45
2894,248595.19
2895,180041.94
2896,117011.35
2897,113862.35
2898,367416.62
2899,185824.14
2900,320116.22
2901,420935.47
2902,103960.86
2903,160816.92
2904,157330.78
2905,127797.09
2906,203371.31
2907,173277.11
2908,509801.06
2909,125706.05
2910,195346.19
2911,63908.34
2912,90077.04
2913,283634.3
2914,154704.16
2915,347958.88
2916,116445.81
2917,531657.3
2918,230501.53
2919,101564.64
2920,286613.34
2921,247111.12
2922,284171.2
2923,85162.06
2924,211043.64
2925,349849.22
2926,124415.1
2927,310405.25
2928,246864.58
2929,315000.22
2930,436922.97
2931,288671.88
2932,115928.016
2933,218832.9
2934,96939.23
2935,193458.38
2936,179788.12
2937,50709.07
2938,419914.03
2939,102799.086
2940,115909.18
2941,250142.8
2942,126098.625
2943,152692.75
2944,115664.05
2945,229130.64
2946,262591.47
2947,244452.39
2948,142382.53
2949,466469.8
2950,170658.08
2951,206627.14
2952,203501.94
2953,191238.98
2954,160548.42
2955,118706.875
2956,242958.47
2957,179393.25
2958,85859.74
2959,124232.06
2960,399476.66
2961,205297.28
2962,149214.16
2963,277858.06
2964,207364.1
2965,159834.45
2966,135826.84
2967,189655.61
2968,273131.4
2969,129300.31
2970,157978.27
2971,173740.17
2972,90987.43
2973,176512.8
2974,255010.6
2975,176671.19
2976,95398.93
2977,279610.53
2978,213733.08
2979,216106.45
2980,185012.64
2981,350751.44
2982,155940.67
2983,261385.4
2984,206176.69
2985,89293.01
2986,188543.53
2987,168268.2
2988,297827.4
2989,208411.73
2990,112065.74
2991,149034.84
2992,192926.75
2993,337579.6
2994,139448.5
2995,207179.48
2996,478685.5
2997,212766.73
2998,170078.77
2999,181227.75
3000,135147.72
3001,137670.23
3002,202421.31
3003,115659.4
3004,274788.7
3005,434222.5
3006,316321.7
3007,117355.414
3008,84127.44
3009,350806.47
3010,233871.66
3011,257711.81
3012,320738.3
3013,137142.7
3014,178884.72
3015,77230.766
3016,54382.246
3017,89368.4
3018,93689.29
3019,346251.4
3020,139614.14
3021,272834.0
3022,295851.9
3023,501297.4
3024,178406.95
3025,170701.56
3026,101899.016
3027,416105.5
3028,277396.66
3029,228456.5
3030,133207.67
3031,310163.4
3032,91137.27
3033,233405.36
3034,72970.555
3035,294322.56
3036,153272.84
3037,211687.64
3038,111843.04
3039,108595.47
3040,65467.02
3041,292009.9
3042,141083.25
3043,173960.66
3044,281559.84
3045,513990.5
3046,168309.33
3047,208915.97
3048,494122.4
3049,227730.38
3050,418703.44
3051,211565.08
3052,180095.48
3053,209943.58
3054,418385.78
3055,163642.36
3056,220917.4
3057,108695.38
3058,374128.34
3059,246951.0
3060,499985.3
3061,78929.22
3062,225992.44
3063,175568.98
3064,198357.94
3065,117908.79
3066,216600.55
3067,175593.12
3068,89531.36
3069,143298.58
3070,412770.34
3071,419323.6
3072,179246.66
3073,308315.66
3074,397682.12
3075,260063.23
3076,231629.97
3077,147686.16
3078,143619.12
3079,100321.16
3080,93409.266
3081,239216.17
3082,308279.53
3083,294802.8
3084,262802.53
3085,215667.33
3086,382502.4
3087,168704.94
3088,218169.67
3089,136070.05
3090,65604.32
3091,168381.72
3092,179427.7
3093,209679.67
3094,206816.23
3095,198121.64
3096,198234.8
3097,421486.78
3098,235323.83
3099,381909.12
3100,160197.62
3101,155569.75
3102,251145.73
3103,236283.28
3104,351072.88
3105,149978.36
3106,156313.56
3107,100513.97
3108,219285.44
3109,153456.92
3110,94669.42
3111,332521.3
3112,185408.23
3113,143347.8
3114,264158.9
3115,489542.47
3116,282791.62
3117,122175.57
3118,164761.88
3119,272258.03
3120,423837.12
3121,71118.516
3122,267649.72
3123,122283.98
3124,240547.11
3125,204932.67
3126,71718.42
3127,160764.58
3128,191865.22
3129,61146.99
3130,89050.19
3131,316155.22
3132,207450.45
3133,189148.25
3134,184928.17
3135,287004.5
3136,157452.05
3137,192803.98
3138,193682.42
3139,106068.94
3140,70403.06
3141,93113.445
3142,195010.58
3143,304893.38
3144,167518.36
3145,465229.88
3146,177521.48
3147,129220.22
3148,215711.69
3149,174930.33
3150,132025.52
3151,110712.7
3152,96998.69
3153,203113.36
3154,125437.6
3155,66122.5
3156,323330.9
3157,426663.34
3158,139782.11
3159,229958.62
3160,266268.16
3161,242332.2
3162,203823.0
3163,206273.92
3164,161332.44
3165,112241.23
3166,102966.13
3167,169436.56
3168,245645.67
3169,104112.32
3170,235315.64
3171,192150.98
3172,169199.55
3173,218090.95
3174,207327.42
3175,382038.53
3176,95557.06
3177,240934.55
3178,350236.22
3179,226755.61
3180,131077.31
3181,227182.97
3182,97717.69
3183,272722.78
3184,75314.39
3185,64053.387
3186,291849.5
3187,272084.06
3188,163840.2
3189,379250.5
3190,138537.25
3191,114535.11
3192,186087.58
3193,333766.6
3194,102285.89
3195,140298.56
3196,275932.12
3197,127010.75
3198,117284.17
3199,259697.58
3200,211064.42
3201,103652.47
3202,430638.2
3203,193761.11
3204,173156.06
3205,271447.8
3206,163768.78
3207,232189.84
3208,182411.84
3209,224875.56
3210,90488.3
3211,172749.12
3212,209315.06
3213,251192.1
3214,127129.125
3215,117207.99
3216,430737.9
3217,371174.03
3218,180694.39
3219,118824.6
3220,303833.53
3221,319359.47
3222,211160.95
3223,223317.0
3224,291707.03
3225,78539.73
3226,169126.17
3227,201987.92
3228,321721.97
3229,291925.03
3230,150317.27
3231,176671.98
3232,194118.73
3233,158279.86
3234,223987.98
3235,156448.5
3236,190199.86
3237,135848.62
3238,223844.05
3239,81401.766
3240,304427.56
3241,253793.06
3242,68854.28
3243,284297.7
3244,321951.34
3245,247547.14
3246,168967.89
3247,97291.766
3248,133732.58
3249,497629.4
3250,271031.5
3251,200631.42
3252,115960.57
3253,177004.81
3254,159545.34
3255,209740.28
3256,380759.5
3257,126118.25
3258,287659.03
3259,205216.0
3260,468690.9
3261,400505.0
3262,72936.08
3263,198561.33
3264,123505.58
3265,156007.83
3266,368525.47
3267,214548.3
3268,205848.38
3269,134588.06
3270,145567.34
3271,196890.72
3272,210580.7
3273,95684.984
3274,211814.4
3275,126247.69
3276,299703.75
3277,76121.97
3278,188492.33
3279,262341.78
3280,172650.0
3281,216550.4
3282,78179.94
3283,171626.94
3284,141012.1
3285,112128.875
3286,366329.9
3287,95304.695
3288,407314.53
3289,150023.33
3290,107307.74
3291,175100.34
3292,248796.22
3293,172366.56
3294,180968.73
3295,111746.24
3296,138718.77
3297,126463.03
3298,247672.06
3299,273208.6
3300,207175.94
3301,178891.42
3302,204656.11
3303,158817.22
3304,323715.6
3305,126488.266
3306,206104.31
3307,105636.75
3308,58849.58
3309,181554.0
3310,348658.44
3311,156788.95
3312,203395.7
3313,262757.4
3314,63275.69
3315,134862.61
3316,218103.72
3317,116346.88
3318,78394.44
3319,253518.86
3320,202637.95
3321,255347.72
3322,119997.46
3323,202002.08
3324,194535.98
3325,109432.5
3326,81138.33
3327,57275.332
3328,351207.66
3329,217272.08
3330,77390.44
3331,122254.3
3332,266539.66
3333,164760.64
3334,167062.97
3335,186687.28
3336,47656.223
3337,94316.266
3338,52767.57
3339,276284.22
3340,342194.78
3341,123220.58
3342,141323.62
3343,286254.5
3344,122562.29
3345,99193.0
3346,123811.18
3347,214814.62
3348,140785.9
3349,451211.16
3350,153307.66
3351,413961.78
3352,178565.53
3353,83893.11
3354,463677.38
3355,283264.75
3356,335139.2
3357,250600.23
3358,61632.28
3359,130187.07
3360,126554.42
3361,131883.1
3362,412771.72
3363,187598.84
3364,288677.47
3365,182642.81
3366,203550.45
3367,242104.72
3368,85003.06
3369,352445.06
3370,167411.58
3371,233709.52
3372,191195.56
3373,230474.77
3374,240470.16
3375,248167.53
3376,90833.38
3377,159841.6
3378,179967.77
3379,154434.86
3380,217577.75
3381,49090.67
3382,111599.98
3383,261926.23
3384,186782.95
3385,205841.34
3386,314405.53
3387,399577.4
3388,299974.75
3389,235045.56
3390,167083.8
3391,236998.69
3392,124553.875
3393,168609.8
3394,203493.72
3395,245259.73
3396,163313.12
3397,157033.23
3398,185699.31
3399,242358.81
3400,220237.06
3401,242998.83
3402,142680.1
3403,75345.375
3404,166525.7
3405,217937.08
3406,261624.53
3407,324618.94
3408,97007.24
3409,220707.84
3410,144532.17
3411,212321.39
3412,175535.16
3413,76888.1
3414,132041.0
3415,297481.1
3416,258847.47
3417,93706.71
3418,176268.5
3419,275835.1
3420,79332.516
3421,179948.38
3422,80164.2
3423,79565.59
3424,213040.78
3425,103359.12
3426,202363.6
3427,314269.06
3428,350717.34
3429,98696.07
3430,142546.45
3431,341202.06
3432,511939.72
3433,330245.9
3434,471116.97
3435,95795.93
3436,181872.02
3437,257356.75
3438,112985.914
3439,77488.55
3440,133780.08
3441,349176.06
3442,120692.93
3443,326595.6
3444,173310.73
3445,267852.75
3446,122039.72
3447,170261.1
3448,511927.66
3449,469519.8
3450,94448.14
3451,292386.7
3452,101480.58
3453,201379.44
3454,255139.92
3455,466519.88
3456,108246.555
3457,96236.98
3458,152765.14
3459,289975.4
3460,92525.54
3461,55341.78
3462,257571.05
3463,220872.94
3464,399137.56
3465,182517.75
3466,287007.12
3467,92411.69
3468,231277.2
3469,142519.1
3470,147233.27
3471,76241.4
3472,199072.17
3473,170558.25
3474,230756.84
3475,482647.44
3476,220839.03
3477,232068.75
3478,277065.38
3479,130337.91
3480,181319.62
3481,190343.0
3482,84070.64
3483,210218.52
3484,131704.03
3485,137106.78
3486,89660.39
3487,192600.23
3488,154956.6
3489,200833.67
3490,337717.53
3491,287790.1
3492,305360.88
3493,230800.02
3494,125874.68
3495,125912.914
3496,76861.0
3497,168427.88
3498,186695.33
3499,104848.31
3500,329140.66
3501,210557.8
3502,227980.97
3503,176444.17
3504,153482.78
3505,58175.28
3506,113092.7
3507,75626.59
3508,63223.168
3509,203574.98
3510,156289.69
3511,96771.8
3512,253351.98
3513,171122.05
3514,388682.47
3515,131249.97
3516,134512.39
3517,148116.55
3518,75993.36
3519,163477.03
3520,260210.16
3521,152590.86
3522,439139.72
3523,165703.3
3524,205254.73
3525,199483.17
3526,371740.9
3527,168311.42
3528,182154.69
3529,104490.51
3530,104860.78
3531,127662.52
3532,458025.56
3533,156484.98
3534,137058.19
3535,118015.63
3536,188203.55
3537,158658.2
3538,252702.9
3539,262068.56
3540,183870.47
3541,198669.6
3542,95019.766
3543,393002.25
3544,112403.12
3545,320732.4
3546,240501.38
3547,129021.7
3548,259828.55
3549,145248.5
3550,280476.78
3551,338816.9
3552,179003.84
3553,161945.12
3554,91897.17
3555,208192.67
3556,58997.7
3557,123156.914
3558,67132.0
3559,271794.66
3560,463302.28
3561,196661.47
3562,364570.12
3563,370876.12
3564,351467.03
3565,384545.1
3566,109652.39
3567,194256.88
3568,134567.42
3569,315262.94
3570,197576.78
3571,430167.3
3572,250809.44
3573,380925.78
3574,239587.05
3575,74997.87
3576,331993.03
3577,158582.56
3578,208657.66
3579,135778.39
3580,190666.9
3581,141270.89
3582,232452.17
3583,498884.88
3584,136874.89
3585,104372.26
3586,291019.62
3587,188599.02
3588,182948.06
3589,150061.94
3590,119097.03
3591,131916.88
3592,231733.44
3593,127956.22
3594,398747.12
3595,152153.33
3596,100840.85
3597,238434.0
3598,192369.45
3599,132094.03
3600,258268.03
3601,208001.28
3602,464478.12
3603,114045.92
3604,248787.6
3605,134452.77
3606,121167.02
3607,171674.53
3608,273953.03
3609,77188.08
3610,197304.34
3611,188440.6
3612,181763.81
3613,473850.06
3614,203040.56
3615,176759.08
3616,349177.34
3617,349377.47
3618,217298.08
3619,146341.33
3620,281664.75
3621,218417.12
3622,206549.44
3623,216659.44
3624,332025.5
3625,440512.22
3626,209261.62
3627,107752.31
3628,319224.1
3629,93388.734
3630,201019.86
3631,127153.15
3632,81455.33
3633,164446.38
3634,179970.72
3635,288621.16
3636,94409.125
3637,126138.61
3638,104436.2
3639,481562.28
3640,106117.914
3641,166261.95
3642,143666.34
3643,259321.45
3644,127077.14
3645,308697.34
3646,256079.06
3647,191339.06
3648,238378.72
3649,229817.27
3650,457193.5
3651,109326.2
3652,380771.66
3653,168099.95
3654,90902.72
3655,240332.98
3656,251557.08
3657,314144.94
3658,351513.94
3659,174962.34
3660,151720.22
3661,154832.5
3662,165491.48
3663,490480.4
3664,499260.5
3665,253598.64
3666,228433.47
3667,195184.77
3668,78017.055
3669,87522.984
3670,188700.64
3671,491822.6
3672,160411.97
3673,228228.4
3674,323824.53
3675,183426.81
3676,168106.84
3677,189282.16
3678,276869.66
3679,170228.16
3680,162310.08
3681,159748.25
3682,59891.062
3683,276870.16
3684,58629.1
3685,113200.82
3686,225165.48
3687,96156.66
3688,219969.3
3689,140222.17
3690,234621.58
3691,194252.89
3692,368414.62
3693,219357.16
3694,102425.62
3695,494871.25
3696,70054.54
3697,137729.36
3698,78384.81
3699,104269.73
3700,239037.97
3701,256945.6
3702,189577.11
3703,106090.52
3704,249410.17
3705,202148.17
3706,237721.02
3707,86723.836
3708,162975.36
3709,92626.88
3710,197908.47
3711,181380.69
3712,188685.56
3713,146837.06
3714,427775.66
3715,215852.25
3716,100247.67
3717,214771.16
3718,145233.16
3719,176604.97
3720,238094.42
3721,274620.12
3722,183958.95
3723,48661.848
3724,70736.94
3725,104196.43
3726,99437.58
3727,195909.5
3728,61915.086
3729,292096.72
3730,321374.38
3731,73352.81
3732,479383.75
3733,324894.56
3734,160764.72
3735,262146.22
3736,129838.78
3737,149257.9
3738,272481.9
3739,171334.8
3740,232659.48
3741,95492.92
3742,272943.97
3743,182435.78
3744,272087.1
3745,199185.56
3746,137564.27
3747,270408.03
3748,85736.164
3749,170239.11
3750,223535.9
3751,91113.72
3752,331481.28
3753,104789.01
3754,123892.086
3755,100578.086
3756,186945.34
3757,176878.3
3758,367863.62
3759,215707.97
3760,112505.266
3761,150405.1
3762,194170.94
3763,314646.62
3764,462391.22
3765,234095.55
3766,273772.06
3767,69889.914
3768,74820.74
3769,178906.89
3770,64306.19
3771,268408.38
3772,366895.06
3773,189043.42
3774,174415.4
3775,343742.47
3776,176149.3
3777,63274.34
3778,145949.94
3779,359942.44
3780,129851.74
3781,198274.48
3782,220995.69
3783,340019.06
3784,123422.695
3785,136206.58
3786,102549.64
3787,184172.47
3788,452561.16
3789,52906.707
3790,142283.2
3791,294140.34
3792,194965.6
3793,94282.34
3794,365849.62
3795,229981.66
3796,252067.55
3797,213327.94
3798,242750.5
3799,165359.86
3800,215497.75
3801,238579.34
3802,206585.97
3803,193804.75
3804,268547.62
3805,123045.21
3806,118717.58
3807,154554.03
3808,85840.6
3809,196803.83
3810,194870.53
3811,355138.2
3812,410669.12
3813,152755.97
3814,246200.77
3815,84681.82
3816,161188.84
3817,93011.16
3818,195460.47
3819,196711.83
3820,405378.16
3821,194308.28
3822,149625.08
3823,327985.2
3824,139190.94
3825,85825.01
3826,250084.2
3827,158955.2
3828,244190.83
3829,381955.75
3830,74851.17
3831,183461.03
3832,405188.1
3833,92371.77
3834,334229.53
3835,127949.14
3836,103055.6
3837,94710.59
3838,118860.53
3839,67401.53
3840,232307.0
3841,327427.75
3842,205862.38
3843,134533.97
3844,125183.875
3845,84705.73
3846,232869.47
3847,120729.46
3848,102995.664
3849,221726.84
3850,192632.38
3851,116666.05
3852,140785.3
3853,106199.43
3854,106976.94
3855,189836.5
3856,172335.34
3857,367902.4
3858,270080.1
3859,300755.3
3860,297971.12
3861,281946.97
3862,366021.47
3863,74736.4
3864,93584.836
3865,326714.34
3866,191968.89
3867,131635.73
3868,123333.055
3869,171365.94
3870,131514.47
3871,309575.34
3872,348611.7
3873,158820.9
3874,55981.652
3875,302785.44
3876,176253.83
3877,176167.73
3878,238106.9
3879,96406.22
3880,133332.36
3881,195820.14
3882,100421.37
3883,123974.34
3884,200850.56
3885,195723.3
3886,76124.86
3887,92814.445
3888,144577.62
3889,211553.83
3890,202447.72
3891,145784.8
3892,137814.12
3893,201159.1
3894,97667.71
3895,154553.16
3896,174366.14
3897,193599.66
3898,194687.61
3899,104674.14
3900,404402.53
3901,120887.16
3902,382387.0
3903,331421.84
3904,364382.16
3905,291202.34
3906,83472.03
3907,73116.11
3908,140139.4
3909,287342.72
3910,297835.4
3911,473248.72
3912,138299.19
3913,75643.89
3914,197471.12
3915,200251.16
3916,123292.93
3917,248704.45
3918,155437.52
3919,144023.1
3920,307849.44
3921,279242.5
3922,175777.3
3923,432451.4
3924,266214.8
3925,202444.05
3926,252354.38
3927,250763.72
3928,195704.52
3929,235207.77
3930,223788.2
3931,219020.4
3932,87563.6
3933,428715.12
3934,279243.3
3935,143364.6
3936,405677.97
3937,215475.05
3938,140437.05
3939,558681.94
3940,164747.9
3941,216611.97
3942,167191.88
3943,319229.03
3944,215598.81
3945,154819.94
3946,93437.87
3947,366020.12
3948,70017.2
3949,202383.11
3950,104019.92
3951,99100.63
3952,325563.06
3953,57105.42
3954,144094.69
3955,196271.61
3956,141053.33
3957,71913.18
3958,224170.64
3959,252220.6
3960,333995.75
3961,346452.38
3962,367103.34
3963,192775.55
3964,203934.4
3965,176365.22
3966,144421.11
3967,115008.06
3968,152330.69
3969,130425.29
3970,169085.66
3971,90385.03
3972,221696.92
3973,192972.84
3974,201092.75
3975,223285.06
3976,122303.11
3977,196231.7
3978,186532.92
3979,83388.43
3980,486784.53
3981,94489.11
3982,378027.78
3983,125474.234
3984,81318.77
3985,229887.97
3986,59582.61
3987,344363.47
3988,245354.58
3989,260661.22
3990,201193.86
3991,256989.64
3992,281150.25
3993,85375.58
3994,205824.12
3995,235358.08
3996,186988.3
3997,57474.285
3998,175456.78
3999,146447.4
4000,188993.66
4001,78200.76
4002,260086.86
4003,58391.074
4004,253022.86
4005,214808.31
4006,537007.4
4007,183658.97
4008,512129.28
4009,238473.81
4010,233114.67
4011,154151.62
4012,277714.62
4013,254191.7
4014,128745.14
4015,205761.28
4016,292346.9
4017,212023.88
4018,280889.84
4019,58654.227
4020,88637.68
4021,181699.75
4022,177544.22
4023,424547.22
4024,292004.2
4025,117538.73
4026,240748.33
4027,211768.25
4028,261730.56
4029,233703.22
4030,224519.5
4031,252692.38
4032,121961.35
4033,94117.43
4034,352341.4
4035,304926.22
4036,137393.98
4037,202569.7
4038,71467.11
4039,361088.97
4040,68617.5
4041,320236.97
4042,293039.88
4043,177341.86
4044,108500.84
4045,265925.25
4046,321933.3
4047,76518.414
4048,474365.03
4049,153231.7
4050,122906.625
4051,156332.03
4052,94201.77
4053,392249.06
4054,445941.62
4055,239802.69
4056,190980.53
4057,245417.1
4058,96186.34
4059,460261.72
4060,566287.94
4061,196622.58
4062,285100.34
4063,85171.37
4064,278699.3
4065,72945.01
4066,291513.62
4067,122352.72
4068,161505.84
4069,139036.02
4070,179049.97
4071,213440.23
4072,219158.06
4073,219718.83
4074,486954.34
4075,212463.58
4076,190171.69
4077,553718.3
4078,180620.36
4079,186446.73
4080,373667.3
4081,444709.9
4082,142724.06
4083,246085.56
4084,135006.98
4085,252238.7
4086,162504.12
4087,147585.55
4088,506034.12
4089,117994.2
4090,99366.195
4091,357729.34
4092,232221.06
4093,119214.9
4094,80384.13
4095,142763.67
4096,144784.53
4097,236533.4
4098,153011.53
4099,399808.9
4100,219417.75
4101,438890.88
4102,258885.03
4103,133417.34
4104,483974.4
4105,303612.3
4106,152276.31
4107,63036.684
4108,78913.445
4109,163912.75
4110,173689.08
4111,350953.44
4112,321466.88
4113,142103.12
4114,113245.96
4115,158328.02
4116,95435.59
4117,183900.88
4118,94306.6
4119,215165.52
4120,237844.8
4121,279714.5
4122,65623.04
4123,127996.68
4124,488374.12
4125,96139.54
4126,351104.6
4127,144501.8
